{"cameraMode":{"drawMode":0,"name":"Shaded","section":"Shading Mode"},"sceneLighting":true,"audioPlay":false,"sceneViewState":{"showFog":false,"showMaterialUpdate":false,"showSkybox":false,"showFlares":false,"showImageEffects":false,"showParticleSystems":false},"in2DMode":false,"pivot":{"x":16.030424118041993,"y":1.7404818534851075,"z":17.340055465698243},"rotation":{"x":0.020771469920873643,"y":0.7698996663093567,"z":-0.029547912999987603,"w":0.6377392411231995},"size":1.849367380142212,"orthographic":false}